SN,Name,Symbol,Status,Sector,Instrument,Email,Website
1,Aarambha Chautari Laghubitta Bittiya Sanstha Limited,ACLBSL,Active,Microfinance,Equity,aarambhachautari@gmail.com,www.chautarimfb.com
2,Agricultural Development Bank Limited,ADBL,Active,Commercial Banks,Equity,cs@adbl.gov.np,
3,4% Agricultural Bond,ADBLB,Active,Commercial Banks,Non-Convertible Debentures,cs@adbl.gov.np,
4,Agricultural Bond (8 Year),ADBLB86,Active,Commercial Banks,Non-Convertible Debentures,cs@adbl.gov.np,
5,Agricultural Bond (9 Year),ADBLB87,Active,Commercial Banks,Non-Convertible Debentures,cs@adbl.gov.np,
6,10.35% Agricultural Bank Debenture 2083,ADBLD83,Active,Commercial Banks,Non-Convertible Debentures,cs@adbl.gov.np,
7,Asian Hydropower Limited,AHL,Active,Hydro Power,Equity,info@urjadeveloper.com,https://asianhydro.com.np/
8,Arun Valley Hydropower Development Co. Ltd.,AHPC,Active,Hydro Power,Equity,arunvalley2054@gmail.com,
9,Ankhu Khola Jalvidhyut Company Ltd,AKJCL,Active,Hydro Power,Equity,ankhukhola@yahoo.com,www.aankhukholahydropower.com.np
10,Arun Kabeli Power Ltd.,AKPL,Active,Hydro Power,Equity,arunkabeli@gmail.com,
11,Asha Laghubitta Bittiya Sanstha Ltd,ALBSL,Active,Microfinance,Equity,ashamicrofinance@gmail.com,www.ashamicrofinance.com.np
12,Asian Life Insurance Co. Limited,ALICL,Active,Life Insurance,Equity,murariraj.humagain@asianlife.com.np,
13,Aatmanirbhar Laghubitta Bittiya Sanstha Limited,ANLB,Active,Microfinance,Equity,aatmanirbhar2076@gmail.com,https://aatmanirbhar.org.np
14,Api Power Company Ltd.,API,Active,Hydro Power,Equity,apipowercompany@gmail.com,www.apipower.com.np
15,Aviyan Laghubitta Bittiya Sanstha Limited,AVYAN,Active,Microfinance,Equity,aviyanlaghu@gmail.com,https://www.aviyanlaghubitta.com/
16,Barun Hydropower Co. Ltd.,BARUN,Active,Hydro Power,Equity,barunhydro@gmail.com,
17,Bishal Bazar Company Limited,BBC,Active,Tradings,Equity,info@bishalbazar.com.np,
18,Bhugol Energy Development Company Limited,BEDC,Active,Hydro Power,Equity,energy.bhugol@gmail.com,www.bedc.com.np
19,Best Finance Company Ltd.,BFC,Active,Finance,Equity,raj.shrestha@bestfinance.com.np,
20,Bindhyabasini Hydropower Development Company Limited,BHDC,Active,Hydro Power,Equity,info.bhdc@rmgroup.com.np,https://bindhyabasinihydro.com.np
21,Balephi Hydropower Limited,BHL,Active,Hydro Power,Equity,info.balephi@gmail.com,www.balephihydro.com
22,Barahi Hydropower Public Limited,BHPL,Active,Hydro Power,Equity,bhpl.acc@gmail.com,www.barahihydropower.com.np
23,Buddha Bhumi Nepal Hydropower Company Limited,BNHC,Active,Hydro Power,Equity,lowertadi@gmail.com,https://buddhabhumihydro.com/
24,Bottlers Nepal (Balaju) Limited,BNL,Active,Manufacturing And Processing,Equity,prburma@coca-cola.com.np,
25,Bottlers Nepal (Terai) Limited,BNT,Active,Manufacturing And Processing,Equity,investorrelations@coca-cola.com.np,
26,8% BOK Debenture 2079,BOKD2079,Active,Commercial Banks,Non-Convertible Debentures,deepak.gautam@bok.com.np,
27,8.5% BOK Debenture 2086,BOKD86,Active,Commercial Banks,Non-Convertible Debentures,deepak.gautam@bok.com.np,
28,"BOK Debenture 2086 ""KA""",BOKD86KA,Active,Commercial Banks,Non-Convertible Debentures,deepak.gautam@bok.com.np,
29,Butwal Power Company Limited,BPCL,Active,Hydro Power,Equity,hari.budhathoki@bpc.com.np,http://www.bpc.com.np
30,BPW Laghubitta Bittiya Sanstha Limited,BPW,Active,Microfinance,Equity,bpwlaghubitta@gmail.com,www.bpwlaghubitta.com.np
31,Citizens Super 30 Mutual Fund,C30MF,Active,Commercial Banks,Mutual Funds,rajendra.shrestha@ctznbank.com,www.ctznbank.com
32,Chhimek Laghubitta Bittiya Sanstha Limited,CBBL,Active,Microfinance,Equity,info@chhimekbank.org,
33,Civil Bank Debenture 2088,CBLD88,Active,Commercial Banks,Non-Convertible Debentures,hirakaji.basnet@civilbank.com.np,
34,Century Debenture 2088,CCBD88,Active,Commercial Banks,Non-Convertible Debentures,welcome@centurybank.com.np,
35,Central Finance Co. Ltd.,CFCL,Active,Finance,Equity,info@centralfinance.com.np,
36,Chandragiri Hills Limited,CGH,Active,Hotels And Tourism,Equity,jhalak.sharma@chandragirihills.com,www.chandragirihills.com
37,Chilime Hydropower Company Limited,CHCL,Active,Hydro Power,Equity,narayanprasad.acharya@chilime.com.np,
38,CEDB Hydropower Development Company Limited,CHDC,Active,Investment,Equity,chf@chf.com.np,www.chdc.com.np
39,Chhyangdi Hydropower Ltd.,CHL,Active,Hydro Power,Equity,chhyangdihydropowerltd@gmail.com,
40,Citizen Investment Trust,CIT,Active,Investment,Equity,cit.cmkt@gmail.com,
41,City Hotel Limited,CITY,Active,Hotels And Tourism,Equity,info@cityhotel.com.np,https://cityhotel.com.np/
42,10.25% Citizens Bank Debenture 2086,CIZBD86,Active,Commercial Banks,Non-Convertible Debentures,rajendra.shrestha@ctznbank.com,www.ctznbank.com
43,Citizens Mutual Fund -1,CMF1,Active,Commercial Banks,Mutual Funds,rajendra.shrestha@ctznbank.com,www.ctznbank.com
44,CITIZENS MUTUAL FUND 2,CMF2,Active,Mutual Fund,Mutual Funds,info@cbilcapital.com,www.cbilcapital.com
45,Corporate Development Bank Limited,CORBL,Active,Development Banks,Equity,info@corporatebank.com.np,
46,CYC Nepal Laghubitta Bittiya Sanstha Limited,CYCL,Active,Microfinance,Equity,info@cycnlbsl.org.np,www.cycnlbsl.org.np
47,Citizens Bank International Limited,CZBIL,Active,Commercial Banks,Equity,rajendra.shrestha@ctznbank.com,www.ctznbank.com
48,Deprosc Laghubitta Bittiya Sanstha Limited,DDBL,Active,Microfinance,Equity,ddbl@ddbank.org.np,
49,Dibyashwori Hydropower Ltd.,DHPL,Active,Hydro Power,Equity,dibyashwarihydropower@gmail.com,
50,Dolti Power Company Limited,DOLTI,Active,Hydro Power,Equity,info@doltipower.com.np,www.doltipower.org.np
51,Dordi Khola Jal Bidyut Company Limited,DORDI,Active,Hydro Power,Equity,info@dordikhola.com.np,www.dordikhola.com.np
52,Everest Bank Limited,EBL,Active,Commercial Banks,Equity,sharedept@ebl.com.np,
53,10.50% Everest Bank Limited Debenture 2085,EBLD85,Active,Commercial Banks,Non-Convertible Debentures,sharedept@ebl.com.np,
54,Everest Bank Limited,EBLD86,Active,Commercial Banks,Non-Convertible Debentures,sharedept@ebl.com.np,
55,"Everest Bank Limited Energy Bond, 2089",EBLEB89,Active,Commercial Banks,Non-Convertible Debentures,sharedept@ebl.com.np,
56,Excel Development Bank Ltd.,EDBL,Active,Development Banks,Equity,info@edb.com.np,
57,Eastern Hydropower Limited,EHPL,Active,Hydro Power,Equity,pikhuwakhola5@gmail.com,www.ehpl.com.np
58,Emerging Nepal Limited,ENL,Active,Investment,Equity,mail@emergingnep.com,https://www.emergingnep.com
59,First Micro Finance Laghubitta Bittiya Sanstha Limited,FMDBL,Active,Microfinance,Equity,bijay@fmdb.com.np,
60,Forward Microfinance Laghubitta Bittiya Sanstha Limited,FOWAD,Active,Microfinance,Equity,info@forwardmfbank.com.np,
61,"Garima Debenture, 2085",GBBD85,Active,Development Banks,Non-Convertible Debentures,info@garimabank.com.np,
62,Garima Bikas Bank Limited,GBBL,Active,Development Banks,Equity,info@garimabank.com.np,
63,10.25% GLOBAL IME BANK LTD. DEBENTURE 2080/81,GBD80/81,Active,Commercial Banks,Non-Convertible Debentures,nlisting@gibl.com.np,http://www.globalimebank.com
64,"Global IME Bank Debenture, 2084/85",GBILD84/85,Active,Commercial Banks,Non-Convertible Debentures,nlisting@gibl.com.np,http://www.globalimebank.com
65,Global IME Bank Limited Debenture 2086/87,GBILD86/87,Active,Commercial Banks,Non-Convertible Debentures,nlisting@gibl.com.np,http://www.globalimebank.com
66,Global IME Bank Limited,GBIME,Active,Commercial Banks,Equity,nlisting@gibl.com.np,http://www.globalimebank.com
67,Grameen Bikas Laghubitta Bittiya Sanstha Ltd.,GBLBS,Active,Microfinance,Equity,info@gblbs.com.np,http://www.grameenbanknepal.com
68,Ghorahi Cement Industry Limited,GCIL,Active,Manufacturing And Processing,Equity,enquiry@ghorahicement.com,www.ghorahicement.com.np
69,Goodwill Finance Limited,GFCL,Active,Finance,Equity,info@goodwill.net.np,https://goodwillfinance.com.np/
70,Ghalemdi Hydro Limited,GHL,Active,Hydro Power,Equity,relinarenergy@gmail.com,www.ghalemdi.com
71,Global IME Balanced Fund-1,GIBF1,Active,Mutual Fund,Mutual Funds,gimeb1@gicl.com.np,www.globalimecapital.com
72,Global IME Laghubitta Bittiya Sanstha Ltd.,GILB,Active,Microfinance,Equity,info@gilb.com.np,http://www.gilb.com.np
73,Gurans Laghubitta Bittiya Sanstha Limited,GLBSL,Active,Microfinance,Equity,guranslbbs@gmail.com,www.guranslaghubitta.com.np
74,GreenLife Hydropower Limited,GLH,Active,Hydro Power,Equity,nepalgreenlife@gmail.com,www.greenlifehydropower.com.np
75,Ganapati Laghubitta Bittiya Sanstha Limited,GMFBS,Active,Microfinance,Equity,ganapati.micro@gmail.com,www.ganapatimicro.com.np
76,Guheshowori Merchant Bank & Finance Co. Ltd.,GMFIL,Active,Finance,Equity,compliance@gmbf.com.np,www.gmbf.com.np
77,Green Development Bank Ltd.,GRDBL,Active,Development Banks,Equity,info@greenbank.com.np,http://greenbank.com.np/
78,Gurkhas Finance Ltd.,GUFL,Active,Finance,Equity,mukunda@gurkhasfinance.com.np,www.gurkhasfinance.com.np
79,Green Ventures Limited,GVL,Active,Hydro Power,Equity,frontdesk@trivenihydro.com,www.greenventuresnepal.com
80,12 % Goodwill Finance Limited Debenture 2083,GWFD83,Active,Finance,Non-Convertible Debentures,info@goodwill.net.np,https://goodwillfinance.com.np/
81,Himalayan Bank Limited,HBL,Active,Commercial Banks,Equity,legal@himalayanbank.com,https://www.himalayanbank.com
82,10% Himalayan Bank Debenture 2083,HBLD83,Active,Commercial Banks,Non-Convertible Debentures,legal@himalayanbank.com,https://www.himalayanbank.com
83,"Himalayan Bank Limited Bond, 2086",HBLD86,Active,Commercial Banks,Non-Convertible Debentures,legal@himalayanbank.com,https://www.himalayanbank.com
84,Himal Dolakha Hydropower Company Limited,HDHPC,Active,Hydro Power,Equity,hydrohimaldolakha@gmail.com,www.himaldolakhahydro.com
85,Himalayan Distillery Limited,HDL,Active,Manufacturing And Processing,Equity,info@himalayandistillery.com,
86,Himalayan Everest Insurance Limited,HEI,Active,Non Life Insurance,Equity,subindra.shrestha@hei.com.np,
87,Himalayan Hydropower Limited,HHL,Active,Hydro Power,Equity,himalayanhydro2021@gmail.com,www.hhpl.com.np
88,Hydorelectricity Investment and Development Company Ltd,HIDCL,Active,Investment,Equity,jbasnet@hidcl.org.np,www.hidcl.org.np
89,Himalayan Laghubitta Bittiya Sanstha Limited,HLBSL,Active,Microfinance,Equity,info@himalayanlaghubitta.com,www.himalayanlaghubitta.com
90,Himalayan Life Insurance Limited,HLI,Active,Life Insurance,Equity,rajan@primelifenepal.com,
91,Himalayan Power Partner Ltd.,HPPL,Active,Hydro Power,Equity,hpphydro.binaya@gmail.com,http://www.hpp.com.np
92,Himalaya Urja Bikas Company Limited,HURJA,Active,Hydro Power,Equity,himalayaurja@gmail.com,www.himalurja.com
93,ICFC Finance Limited,ICFC,Active,Finance,Equity,nepsereport@icfcbank.com,www.icfcbank.com
94,12% ICFC Finance Limited Debenture 2083,ICFCD83,Active,Finance,Non-Convertible Debentures,nepsereport@icfcbank.com,www.icfcbank.com
95,IGI Prudential insurance Limited,IGI,Active,Non Life Insurance,Equity,compliance@iginepal.com,http://www.iginepal.com
96,Ingwa Hydropower Limited,IHL,Active,Hydro Power,Equity,hydropoweringwa@gmail.com,www.ingwahydropowerltd.com.np
97,Infinity Laghubitta Bittiya Sanstha Limited,ILBS,Active,Microfinance,Equity,ilbslfinance@gmail.com,www.infinitymbsl.com
98,IME Life Insurance Company Limited,ILI,Active,Life Insurance,Equity,info@imelifeinsurance.com,www.imelifeinsurance.com
99,Jalpa Samudayik Laghubitta Bittiya Sanstha Limited,JALPA,Active,Microfinance,Equity,info@jalpamf.com.np,www.jalpamf.com.np
100,Jyoti Bikash Bank Bond 2087,JBBD87,Active,Development Banks,Non-Convertible Debentures,krishna.oasti@jbbl.com.np,
101,Jyoti Bikas Bank Limited,JBBL,Active,Development Banks,Equity,krishna.oasti@jbbl.com.np,
102,Jeevan Bikas Laghubitta Bittya Sanstha Ltd,JBLB,Active,Microfinance,Equity,info@jeevanbikasmf.com,www.jeevanbikasmf.com
103,Janaki Finance Company Limited,JFL,Active,Finance,Equity,info@jfcjanakpur.com,
104,Joshi Hydropower Development Company Ltd,JOSHI,Active,Hydro Power,Equity,info@joshihydropower.com,www.joshihydropower.com
105,Janautthan Samudayic Laghubitta Bittya Sanstha Limited,JSLBB,Active,Microfinance,Equity,info@jucbank.com.np,
106,Kumari Bank Limited,KBL,Active,Commercial Banks,Equity,info@kumaribank.com,http://www.kumaribank.com
107,10.25% KBL Debenture 2086,KBLD86,Active,Commercial Banks,Non-Convertible Debentures,info@kumaribank.com,http://www.kumaribank.com
108,11% KBL Debenture 2089,KBLD89,Active,Commercial Banks,Non-Convertible Debentures,info@kumaribank.com,http://www.kumaribank.com
109,Kumari Dhanabriddhi Yojana,KDBY,Active,Commercial Banks,Mutual Funds,info@kumaribank.com,http://www.kumaribank.com
110,Kalinchowk Darshan Limited,KDL,Active,Hotels And Tourism,Equity,darshankalinchowk@gmail.com,www.kalinchowkdarshan.com.np
111,Kumari Equity Fund,KEF,Active,Commercial Banks,Mutual Funds,info@kumaribank.com,http://www.kumaribank.com
112,Khanikhola Hydropower Co. Ltd.,KKHC,Active,Hydro Power,Equity,khanikhola.hpc@gmail.com,
113,Kisan Lagubitta Bittiya Sanstha Limited,KLBSL,Active,Microfinance,Equity,secretorykisanmf079@gmail.com,
114,Kalika Laghubitta Bittiya Sanstha Ltd,KMCDB,Active,Microfinance,Equity,info@kalikabank.com.np,www.kalikabank.com.np
115,Kalika power Company Ltd,KPCL,Active,Hydro Power,Equity,daraudikalikahydro@gmail.com,
116,Karnali Development Bank Limited,KRBL,Active,Development Banks,Equity,info@kdblnepal.com,
117,Kamana Sewa Bikas Bank Limited,KSBBL,Active,Development Banks,Equity,ashok.pudasaini@kamanasewabank.com,https://www.kamanasewabank.com/
118,9% Kamana Sewa Bikas Bank Limited Debenture 2087,KSBBLD87,Active,Development Banks,Non-Convertible Debentures,ashok.pudasaini@kamanasewabank.com,https://www.kamanasewabank.com/
119,Lumbini Bikas Bank Ltd.,LBBL,Active,Development Banks,Equity,hari.subedi@lumbinibikasbank.com,
120,10% Laxmi Bank Debenture 2086,LBLD86,Active,Commercial Banks,Non-Convertible Debentures,piyush.aryal@laxmibank.com,
121,8.5% Laxmi Bank Debenture 2088,LBLD88,Active,Commercial Banks,Non-Convertible Debentures,piyush.aryal@laxmibank.com,
122,Liberty Energy Company Limited,LEC,Active,Hydro Power,Equity,liberty@libertyenergy.com.np,www.libertyenergy.com.np
123,Laxmi Equity Fund,LEMF,Active,Commercial Banks,Mutual Funds,piyush.aryal@laxmibank.com,
124,Life Insurance Corporation (Nepal) Limited,LICN,Active,Life Insurance,Equity,cs@licnepal.com.np,http://www.licnepal.com.np
125,Laxmi Laghubitta Bittiya Sanstha Ltd.,LLBS,Active,Microfinance,Equity,company.secretary@laxmilaghu.com.np,
126,Laxmi Unnati Kosh,LUK,Active,Mutual Fund,Mutual Funds,info@laxmicapital.com.np,www.laxmicapital.com.np
127,Makar Jitumaya Suri Hydropower Limited,MAKAR,Active,Hydro Power,Equity,mjs.hydropower2065@gmail.com,www.mjshydropower.com.np
128,Madhya Bhotekoshi Jalavidyut Company Limited,MBJC,Active,Hydro Power,Equity,admin@mbjcl.com.np,www.mbjcl.com.np
129,Machhapuchhre Bank Limited,MBL,Active,Commercial Banks,Equity,machbank@mbl.com.np,http://www.machbank.com
130,10.25% Machhapuchhre Bank Debenture 2085,MBLD2085,Active,Commercial Banks,Non-Convertible Debentures,machbank@mbl.com.np,http://www.machbank.com
131,8.5% Machhapuchchhre Debenture 2087,MBLD87,Active,Commercial Banks,Non-Convertible Debentures,machbank@mbl.com.np,http://www.machbank.com
132,Menchhiyam Hydropower Limited,MCHL,Active,Hydro Power,Equity,menchhiyam@gmail.com,www.menchhiyamhydropower.com
133,Miteri Development Bank Limited,MDB,Active,Development Banks,Equity,thakuri@miteribank.com.np,http://www.miteribank.com.np
134,Modi Energy Limited,MEL,Active,Hydro Power,Equity,info@modihydro.com,www.modihydro.com
135,Mountain Energy Nepal Limited,MEN,Active,Hydro Power,Equity,rajendra.sharma@mountainenergy.com.np,www.mountainenergy.com.np
136,Mero Microfinance Bittiya Sanstha Ltd.,MERO,Active,Microfinance,Equity,meromicrofinance@gmail.com,
137,Manjushree Finance Ltd.,MFIL,Active,Finance,Equity,info@manjushreefinance.com.np,manjushreefinance.com.np
138,9.5% Manjushree Finance Limited Debenture 2085,MFLD85,Active,Finance,Non-Convertible Debentures,info@manjushreefinance.com.np,manjushreefinance.com.np
139,Molung Hydropower Company Limited,MHCL,Active,Hydro Power,Equity,molung.office@gmail.com,www.molunghydropwer.com.np
140,Mandakini Hydropower Limited,MHL,Active,Hydro Power,Equity,mandakini.hydropower@gmail.com,www.mandakinihydro.com.np
141,Mountain Hydro Nepal Limited,MHNL,Active,Hydro Power,Equity,mountainhydronepal@gmail.com,www.mountainhydronepal.com.np
142,Maya Khola Hydropower Company Limited,MKHC,Active,Hydro Power,Equity,dpshresths@gmail.com,www.mkhpcl.com.np
143,Mai Khola Hydropower Limited,MKHL,Active,Hydro Power,Equity,maikholahydro@gmail.com,https://maikholahydropower.com.np
144,Mailung Khola Jal Vidhyut Company Limited,MKJC,Active,Hydro Power,Equity,mailung.mkjc@gmail.com,www.mailunhkhola.com
145,Manakamana Smart Laghubitta Bittiya Sanstha Limited,MKLB,Active,Microfinance,Equity,manakamanalbs@gmail.com,www.manakamanalbs.com
146,Mithila LaghuBitta Bittiya Sanstha Limited,MLBBL,Active,Microfinance,Equity,mlboperationdepart@gmail.com,http://www.mldbank.com.np
147,Mahalaxmi Bikas Bank Ltd.,MLBL,Active,Development Banks,Equity,listing@mahalaxmi.com.np,http://www.yetibank.com
148,Manushi Laghubitta Bittiya Sanstha Limited,MLBS,Active,Microfinance,Equity,info@manushilbs.com.np,https://www.manushilbs.com
149,Mahila Lagubitta Bittiya Sanstha Limited,MLBSL,Active,Microfinance,Equity,mlbsl.nepal@gmail.com,www.mlbsl.com.np
150,Mega Mutual Fund -1,MMF1,Active,Commercial Banks,Mutual Funds,nepse@megabank.com.np,
151,Mirmire Laghubitta Bittya Sanstha Limited,MMFDB,Active,Microfinance,Equity,info@mirmirebank.com.np,http://www.mirmirebank.com.np
152,Muktinath Bikas Bank Ltd.,MNBBL,Active,Development Banks,Equity,info@muktinathbank.com.np,
153,Muktinath Debenture 2084/85,MND84/85,Active,Development Banks,Non-Convertible Debentures,info@muktinathbank.com.np,
154,Multipurpose Finance Company Limited,MPFL,Active,Finance,Equity,mfclfin43@gmail.com,
155,Mahuli Laghubitta Bittiya Sanstha Limited,MSLB,Active,Microfinance,Equity,saroj.singh@mslbsl.com.np,mslbsl.com.np
156,Narayani Development Bank Limited,NABBC,Active,Development Banks,Equity,info@ndbl.com.np,www.ndbl.com.np
157,Nabil Bank Limited,NABIL,Active,Commercial Banks,Equity,rajesh.bogati@nabilbank.com,
158,Nadep Laghubittiya bittya Sanstha Ltd.,NADEP,Active,Microfinance,Equity,nadeplaghubitta@gmail.com,
159,10.25% NBBL Debenture 2085,NBBD2085,Active,Commercial Banks,Non-Convertible Debentures,bishwapoudel@nbbl.com.np,
160,NABIL BALANCED FUND-2,NBF2,Active,Commercial Banks,Mutual Funds,rajesh.bogati@nabilbank.com,
161,Nabil Balanced Fund-3,NBF3,Active,Commercial Banks,Mutual Funds,rajesh.bogati@nabilbank.com,
162,Nepal Bank Limited,NBL,Active,Commercial Banks,Equity,suresh.ghimire@nepalbank.com.np,
163,10% Nabil Debenture 2082,NBLD82,Active,Commercial Banks,Non-Convertible Debentures,rajesh.bogati@nabilbank.com,
164,Nabil Debenture 2085,NBLD85,Active,Commercial Banks,Non-Convertible Debentures,rajesh.bogati@nabilbank.com,
165,8.5% Nepal Bank Debenture 2087,NBLD87,Active,Commercial Banks,Non-Convertible Debentures,suresh.ghimire@nepalbank.com.np,
166,9.5% NCC Debenture 2086,NCCD86,Active,Commercial Banks,Non-Convertible Debentures,corporate@nccbank.com.np,http://www.nccbank.com.np
167,Nabil Equity Fund,NEF,Active,Commercial Banks,Mutual Funds,rajesh.bogati@nabilbank.com,
168,NESDO Sambridha Laghubitta Bittiya Sanstha Limited,NESDO,Active,Microfinance,Equity,nesdosmfi@gmail.com,https://slbs.nesdonepal.org
169,Nepal Finance Ltd.,NFS,Active,Finance,Equity,info@nepalfinance.com.np,www.nepalfinancelimited.com.np
170,Ngadi Group Power Ltd.,NGPL,Active,Hydro Power,Equity,nyadigroup06@gmail.com,
171,Nepal Hydro Developers Ltd.,NHDL,Active,Hydro Power,Equity,info@charnawathihydro.com,www.charnawatihydro.com
172,National Hydro Power Company Limited,NHPC,Active,Hydro Power,Equity,info@nhpcl.com,
173,10.5 % NEPAL INVESTMENT DEBENTURE 2082,NIBD2082,Active,Commercial Banks,Non-Convertible Debentures,NIBL.Nepse@nibl.com.np,http://www.nibl.com.np
174,8.5% Nepal Investment Bank Debenture 2084,NIBD84,Active,Commercial Banks,Non-Convertible Debentures,NIBL.Nepse@nibl.com.np,http://www.nibl.com.np
175,NIBL Growth Fund,NIBLGF,Active,Mutual Fund,Mutual Funds,info@niblcapital.com,www.niblcapital.com
176,NIBL Pragati Fund,NIBLPF,Active,Commercial Banks,Mutual Funds,NIBL.Nepse@nibl.com.np,http://www.nibl.com.np
177,NIBL Samriddhi Fund -2,NIBSF2,Active,Commercial Banks,Mutual Funds,NIBL.Nepse@nibl.com.np,http://www.nibl.com.np
178,NIC Asia Bank Ltd.,NICA,Active,Commercial Banks,Equity,nica.nots@nicasiabank.com,
179,10% NIC Asia Debenture 2085/86,NICAD 85/86,Active,Commercial Banks,Non-Convertible Debentures,nica.nots@nicasiabank.com,
180,9% NIC Asia Debenture 2081/82,NICAD8182,Active,Commercial Banks,Non-Convertible Debentures,nica.nots@nicasiabank.com,
181,11% NIC Asia Debenture 082/83,NICAD8283,Active,Commercial Banks,Non-Convertible Debentures,nica.nots@nicasiabank.com,
182,NIC Asia Balanced Fund,NICBF,Active,Mutual Fund,Mutual Funds,info@nicasiacapital.com,www.nicasiacapital.com
183,10.25% NIC Asia Debenture 2083/84,NICD83/84,Active,Commercial Banks,Non-Convertible Debentures,nica.nots@nicasiabank.com,
184,NIC ASIA Rinpatra 2088,NICD88,Active,Commercial Banks,Non-Convertible Debentures,nica.nots@nicasiabank.com,
185,NIC Asia Flexi CAP Fund,NICFC,Active,Commercial Banks,Mutual Funds,nica.nots@nicasiabank.com,
186,NIC Asia Growth Fund,NICGF,Active,Commercial Banks,Mutual Funds,nica.nots@nicasiabank.com,
187,Nepal Insurance Co. Ltd.,NICL,Active,Non Life Insurance,Equity,nic@nepalinsurance.com.np,
188,NIC ASIA Laghubitta Bittiya Sanstha Limited,NICLBSL,Active,Microfinance,Equity,compliance@nicasialaghubitta.com,www.nicasialaghubitta.com
189,NIC Asia Select Fund 30,NICSF,Active,Mutual Fund,Mutual Funds,info@nicasiacapital.com,www.nicasiacapital.com
190,Nepal Infrastructure Bank Limited,NIFRA,Active,Investment,Equity,iswor.gautam@nifrabank.com,https://www.nifrabank.com
191,NIFRA Uraj Rinpatra7%-2085/86,NIFRAUR85/86,Active,Investment,Non-Convertible Debentures,iswor.gautam@nifrabank.com,https://www.nifrabank.com
192,Neco Insurance Limited,NIL,Active,Non Life Insurance,Equity,info@neco.com.np,http://www.necoinsurance.com.np
193,Nepal Investment Mega Bank Limited,NIMB,Active,Commercial Banks,Equity,NIBL.Nepse@nibl.com.np,http://www.nibl.com.np
194,Nerude Laghubitta Bittiya Sanstha Limited,NLBBL,Active,Microfinance,Equity,info@nerude.org.np,
195,NLG Insurance Company Ltd.,NLG,Active,Non Life Insurance,Equity,manoj.shrestha@nlgi.com.np,
196,Nepal Life Insurance Co. Ltd.,NLIC,Active,Life Insurance,Equity,cs@nepallife.com.np,
197,National Life Insurance Co. Ltd.,NLICL,Active,Life Insurance,Equity,it@nationallife.com.np,
198,Nepal Lube Oil Limited,NLO,Active,Manufacturing And Processing,Equity,g.bhattarai@cg.holdings,
199,NMB Bank Limited,NMB,Active,Commercial Banks,Equity,pramod.dahal@nmb.com.np,http://www.nmb.com.np
200,NMB 50,NMB50,Active,Mutual Fund,Mutual Funds,mutualfunds@nmbcl.com.np,www.nmbcl.com.np
201,10 % NMB DEBENTURE 2085,NMBD2085,Active,Commercial Banks,Non-Convertible Debentures,pramod.dahal@nmb.com.np,http://www.nmb.com.np
202,NMB Debenture 8.50% - 2087/88,NMBD87/88,Active,Commercial Banks,Non-Convertible Debentures,pramod.dahal@nmb.com.np,http://www.nmb.com.np
203,NMB Debenture 10.75%-2089/90,NMBD89/90,Active,Commercial Banks,Non-Convertible Debentures,pramod.dahal@nmb.com.np,http://www.nmb.com.np
204,NMB Energy Bond 4% - 2092/93,NMBEB92/93,Active,Commercial Banks,Non-Convertible Debentures,pramod.dahal@nmb.com.np,http://www.nmb.com.np
205,NMB Hybrid Fund L-1,NMBHF1,Active,Commercial Banks,Mutual Funds,pramod.dahal@nmb.com.np,http://www.nmb.com.np
206,NMB Microfinance Bittiya Sanstha Ltd.,NMBMF,Active,Microfinance,Equity,surya.thapa@nmbmicrofinance.com,http://www.cleanvillage.com.np
207,NMB Energy Bond 4% - 2093/94,NMBUR93/94,Active,Commercial Banks,Non-Convertible Debentures,pramod.dahal@nmb.com.np,http://www.nmb.com.np
208,Nepal Reinsurance Company Limited,NRIC,Active,Others,Equity,nepalre@ntc.net.np,www.nepalre.com.np
209,Nepal Republic Media Limited,NRM,Active,Others,Equity,info@nagariknews.com,www.nepalrepublicmedia.com
210,NRN Infrastructure and Development Limited,NRN,Active,Investment,Equity,nrninvestmentltd@gmail.com,www.nrinl.com
211,NMB Sulav Investment Fund - 2,NSIF2,Active,Mutual Fund,Mutual Funds,mutualfunds@nmbcl.com.np,www.nmbcl.com.np
212,Nepal Doorsanchar Company Limited,NTC,Active,Others,Equity,cs.nt@ntc.net.np,www.ntc.net.np
213,Nirdhan Utthan Laghubitta Bittiya Sanstha Limited,NUBL,Active,Microfinance,Equity,rbchaudhary@nirdhan.com.np,
214,Nyadi Hydropower Limited,NYADI,Active,Hydro Power,Equity,nhl@nhl.com.np,www.nhl.com.np
215,Oriental Hotels Limited,OHL,Active,Hotels And Tourism,Equity,legal@radkat.com.np,
216,10.15% Prime Debenture 2084,PBD84,Active,Commercial Banks,Non-Convertible Debentures,CS@pcbl.com.np,
217,8.75 % Prime Debenture 2085,PBD85,Active,Commercial Banks,Non-Convertible Debentures,CS@pcbl.com.np,
218,10% Prime Debenture 2088,PBD88,Active,Commercial Banks,Non-Convertible Debentures,CS@pcbl.com.np,
219,10% Prabhu Bank Debenture 2084,PBLD84,Active,Commercial Banks,Non-Convertible Debentures,amit.bhandari@prabhubank.com,
220,10.25% Prabhu Bank Debenture 2086,PBLD86,Active,Commercial Banks,Non-Convertible Debentures,amit.bhandari@prabhubank.com,
221,8.5% Prabhu Bank Debenture 2087,PBLD87,Active,Commercial Banks,Non-Convertible Debentures,amit.bhandari@prabhubank.com,
222,Prime Commercial Bank Ltd.,PCBL,Active,Commercial Banks,Equity,CS@pcbl.com.np,
223,Pokhara Finance Ltd.,PFL,Active,Finance,Equity,info@pokharafinance.com.np,
224,Peoples Hydropower Company Limited,PHCL,Active,Hydro Power,Equity,peoples.hydro5@gmail.com,https://peopleshydro.com.np/
225,Panchakanya Mai Hydropower Ltd,PMHPL,Active,Hydro Power,Equity,panchakanyamai@gmail.com,
226,Panchthar Power Compant Limited,PPCL,Active,Hydro Power,Equity,ppchewa@gmail.com,www.ppcl.com.np
227,People's Power Limited,PPL,Active,Hydro Power,Equity,peoplespowerltd@gmail.com,www.peoplespower.com.np
228,Prabhu Insurance Ltd.,PRIN,Active,Non Life Insurance,Equity,info@prabhuinsurance.com,http://www.prabhuinsurance.com
229,Progressive Finance Limited,PROFL,Active,Finance,Equity,info@pfltd.com.np,http://www.pfltd.com.np
230,Prabhu Smart Fund,PRSF,Active,Mutual Fund,Mutual Funds,info@prabhucapital.com,www.prabhucapital.com
231,Prabhu Bank Limited,PRVU,Active,Commercial Banks,Equity,amit.bhandari@prabhubank.com,
232,Prabhu Select Fund,PSF,Active,Commercial Banks,Mutual Funds,amit.bhandari@prabhubank.com,
233,Radhi Bidyut Company Ltd,RADHI,Active,Hydro Power,Equity,info@radhibidyut.com.np,
234,Rawa Energy Development Limited,RAWA,Active,Hydro Power,Equity,rawa.hydro@gmail.com,www.rawaenergy.com.np
235,8.5% RBBL Debenture 2083,RBBD83,Active,Commercial Banks,Non-Convertible Debentures,info.rbb@rbb.com.np,www.rbb.com.np
236,Rastriya Beema Company Limited,RBCL,Active,Non Life Insurance,Equity,info@rbcl.gov.np,
237,River Falls Power Limited,RFPL,Active,Hydro Power,Equity,riverfallshydropower@gmail.com,www.riverfallshydro.com.np
238,Rapti Hydro And General Construction Limited,RHGCL,Active,Hydro Power,Equity,info@raptihydro.com.np,www.raptihydro.com.np
239,RASUWAGADHI HYDROPOWER COMPANY LIMITED,RHPL,Active,Hydro Power,Equity,neupane.nar@gmail.com,www.rghpcl.com.np
240,Ridi Power Company Limited,RIDI,Active,Hydro Power,Equity,sayikanepal@gmail.com,
241,Reliance Finance Ltd.,RLFL,Active,Finance,Equity,loginnepse@reliancenepal.com.np,
242,RBB Mutual Fund 1,RMF1,Active,Mutual Fund,Mutual Funds,rbbmbl@rbbmbl.com.np,www.rbbmbl.com.np
243,RBB Mutual Fund 2,RMF2,Active,Mutual Fund,Mutual Funds,rbbmbl@rbbmbl.com.np,www.rbbmbl.com.np
244,RSDC Laghubitta Bittiya Sanstha Ltd.,RSDC,Active,Microfinance,Equity,info@rsdcmf.com,www.rsdcmf.com
245,Ru Ru Jalbidhyut Pariyojana Limited,RURU,Active,Hydro Power,Equity,contact@ruruhydro.com,www.ruruhydro.com
246,Sabaiko Laghubitta Bittiya Sanstha Limited,SABSL,Active,Microfinance,Equity,info@sabaikolaghubitta.com,www.sabaikolaghubitta.com
247,Shangrila Development Bank Ltd.,SADBL,Active,Development Banks,Equity,info@shangrilabank.com,
248,Sanima Equity Fund,SAEF,Active,Commercial Banks,Mutual Funds,RUDRA@sanimabank.com,www.sanimabank.com
249,Sanima Growth Fund,SAGF,Active,Mutual Fund,Mutual Funds,sanimacapital@sanimabank.com,www.sanima.capital
250,Sahas Urja Limited,SAHAS,Active,Hydro Power,Equity,surja@sahasurja.com,www.sahasurja.com
251,Sagarmatha Lumbini Insurance Co. Limited,SALICO,Active,Non Life Insurance,Equity,bishow.ad@sagarmathainsurance.com.np,
252,Samaj Laghubittya Bittiya Sanstha Limited,SAMAJ,Active,Microfinance,Equity,samajlbsl@gmail.com,www.samajlaghubitta.org.np
253,10% Sanima Bank Limited Debenture,SAND2085,Active,Commercial Banks,Non-Convertible Debentures,RUDRA@sanimabank.com,www.sanimabank.com
254,Sanima Bank Limited,SANIMA,Active,Commercial Banks,Equity,RUDRA@sanimabank.com,www.sanimabank.com
255,Saptakoshi Development Bank Ltd,SAPDBL,Active,Development Banks,Equity,info@skdbl.com.np,www.skdbl.com.np
256,Sunrise Bluechip Fund,SBCF,Active,Commercial Banks,Mutual Funds,info@sunrisebank.com.np,
257,8.5% Sanima Debenture 2087,SBD87,Active,Commercial Banks,Non-Convertible Debentures,RUDRA@sanimabank.com,www.sanimabank.com
258,10.25% Sanima Debenture 2089,SBD89,Active,Commercial Banks,Non-Convertible Debentures,RUDRA@sanimabank.com,www.sanimabank.com
259,Nepal SBI Bank Limited,SBI,Active,Commercial Banks,Equity,cs@nsbl.com.np,https://nsbl.statebank
260,10% Nepal SBI Bank Debenture 2086,SBIBD86,Active,Commercial Banks,Non-Convertible Debentures,cs@nsbl.com.np,https://nsbl.statebank
261,10.25% Nepal SBI Bank Debenture 2083,SBID83,Active,Commercial Banks,Non-Convertible Debentures,cs@nsbl.com.np,https://nsbl.statebank
262,Siddhartha Bank Limited,SBL,Active,Commercial Banks,Equity,laxman.ghimire@sbl.com.np,
263,10.50% SBL Debenture 2082,SBLD2082,Active,Commercial Banks,Non-Convertible Debentures,laxman.ghimire@sbl.com.np,
264,10.25% SBL Debenture 2083,SBLD83,Active,Commercial Banks,Non-Convertible Debentures,laxman.ghimire@sbl.com.np,
265,8.5% SBL Debenture 2084,SBLD84,Active,Commercial Banks,Non-Convertible Debentures,laxman.ghimire@sbl.com.np,
266,10.75% SBL Debenture 2089,SBLD89,Active,Commercial Banks,Non-Convertible Debentures,laxman.ghimire@sbl.com.np,
267,Standard Chartered Bank Limited,SCB,Active,Commercial Banks,Equity,Legal.Nepal@sc.com,
268,10.30% Standard Chartered Bank Limited Debenture,SCBD,Active,Commercial Banks,Non-Convertible Debentures,Legal.Nepal@sc.com,
269,Shangri-la Development Bank Debenture 2087,SDBD87,Active,Development Banks,Non-Convertible Debentures,info@shangrilabank.com,
270,Sadhana Laghubitta Bittiya Sanstha Limited,SDLBSL,Active,Microfinance,Equity,resham.sadhana@gmail.com,www.sadhanlaghubitta.com.np
271,Siddhartha Equity Fund,SEF,Active,Commercial Banks,Mutual Funds,laxman.ghimire@sbl.com.np,
272,Samriddhi Finance Company Limited,SFCL,Active,Finance,Equity,cs@sfcl.com.np,http://www.wmerchantbank.com
273,Sunrise Focused Equity Fund,SFEF,Active,Commercial Banks,Mutual Funds,info@sunrisecapital.com.np,www.sunrisecapital.com.np
274,Sunrise First Mutual Fund,SFMF,Active,Commercial Banks,Mutual Funds,info@sunrisebank.com.np,
275,Swet-Ganga Hydropower & Construction Limited,SGHC,Active,Hydro Power,Equity,sghcl@sanimahydro.com,www.swetgangahydropower.com
276,Sanima GIC Insurance Limited,SGIC,Active,Non Life Insurance,Equity,sanima@sanimageneral.com,www.sanimageneral.com
277,Singati Hydro Energy Limited,SHEL,Active,Hydro Power,Equity,shehydro@gmail.com,www.singatihydro.com
278,Shine Resunga Development Bank Ltd.,SHINE,Active,Development Banks,Equity,info@srdb.com.np,https://srdb.com.np/
279,SHIVAM CEMENTS LTD,SHIVM,Active,Manufacturing And Processing,Equity,info@shivamcement.com,www.shivamcement.com
280,Soaltee Hotel Limited,SHL,Active,Hotels And Tourism,Equity,lbkhatri@soaltee.com.np,http://www.soalteehotel.com
281,Shrijanshil Laghubitta Bittiya Sanstha Limited,SHLB,Active,Microfinance,Equity,info@shrijanshil.com.np,www.shrijanshil.org
282,Sanima Mai Hydropower Ltd.,SHPC,Active,Hydro Power,Equity,sanimamai@sanimahydro.com,www.maihydro.com
283,Shikhar Insurance Co. Ltd.,SICL,Active,Non Life Insurance,Equity,info@shikharinsurance.com,http://www.shikharinsurance.com
284,Shree Investment Finance Co. Ltd.,SIFC,Active,Finance,Equity,info@shreefinance.com.np,http://www.shreefinance.com.np
285,Siddhartha Investment Growth Scheme - 2,SIGS2,Active,Commercial Banks,Mutual Funds,laxman.ghimire@sbl.com.np,
286,Siddhartha Investment Growth Scheme 3,SIGS3,Active,Commercial Banks,Mutual Funds,laxman.ghimire@sbl.com.np,
287,Sikles Hydropower Limited,SIKLES,Active,Hydro Power,Equity,sikleshydro13mw@gmail.com,www.sikleshydro.com.np
288,Sindhu Bikash Bank Ltd,SINDU,Active,Development Banks,Equity,info@sindhubank.com.np,
289,SANJEN JALAVIDHYUT COMPANY LIMITED,SJCL,Active,Hydro Power,Equity,sanjenhcl@gmail.com,www.sjcl.com.np
290,SuryaJyoti Life Insurance Company Limited,SJLIC,Active,Life Insurance,Equity,it@suryalife.com,
291,Sana Kisan Bikas Laghubitta Bittiya Sanstha Limited,SKBBL,Active,Microfinance,Equity,info@skbbl.com.np,http://www.skbbl.com.np
292,Swarojgar Laghu Bitta Bikas Bank Ltd.,SLBBL,Active,Microfinance,Equity,info@slbbl.com.np,www.slbbl.com.np
293,Samudayik Laghubitta Bittiya Sanstha Limited,SLBSL,Active,Microfinance,Equity,samudayikbank@gmail.com,www.samudayikbank.com.np
294,Sanima Large Cap Fund,SLCF,Active,Commercial Banks,Mutual Funds,RUDRA@sanimabank.com,www.sanimabank.com
295,Samata Gharelu Laghubitta Bittiya Sanstha Limited,SMATA,Active,Microfinance,Equity,samata@samata.org.np,www.samata.org.np
296,Support Microfinance Bittiya Sanstha Ltd.,SMB,Active,Microfinance,Equity,smicrofinance7@gmail.com,https://supportmicrofinance.com.np/
297,Swabhimaan Laghubitta Bittiya Sanstha Limited,SMFBS,Active,Microfinance,Equity,info@swabhimaanlaghubitta.com.np,www.swabhimaanmicrofinance.com
298,Super Mai Hydropower Limited,SMH,Active,Hydro Power,Equity,supermaihydropower@gmail.com,www.supermaihydro.com.np
299,Super Madi Hydropower Limited,SMHL,Active,Hydro Power,Equity,supermadihydro@gmail.com,www.supermadihydro.com.np
300,Sagarmatha Jalabidhyut Company Limited,SMJC,Active,Hydro Power,Equity,sagarmathahydropower@gmail.com,https://sagarmathajbc.com.np
301,Samling Power Company Limited,SPC,Active,Hydro Power,Equity,info@urjadeveloper.com,spcl.com.np
302,Synergy Power Development Ltd.,SPDL,Active,Hydro Power,Equity,email.synergy@gmail.com,www.synergyhydro.com
303,Sayapatri Hydropower Limited,SPHL,Active,Hydro Power,Equity,info@sayapatrihydropower.com,www.sayapatrihydropower.com
304,Siddhartha Premier Insurance Limited,SPIL,Active,Non Life Insurance,Equity,premier@picl.com.np,
305,Shuvam Power Limited,SPL,Active,Hydro Power,Equity,shuvampower@gmail.com,www.shuvamhydro.com.np
306,10.25% Sunrise Bank Debenture 2083,SRBLD83,Active,Commercial Banks,Non-Convertible Debentures,info@sunrisebank.com.np,
307,10% Sunrise Debenture 2080,SRD80,Active,Commercial Banks,Non-Convertible Debentures,info@sunrisebank.com.np,
308,Sanima Reliance Life Insurance Limited,SRLI,Active,Life Insurance,Equity,sanima@sanimalife.com,www.sanimalife.com
309,Shiva Shree Hydropower Ltd,SSHL,Active,Hydro Power,Equity,shivashreehydropowerltd@gmail.com,www.shivashreehdyro.com
310,Salt Trading Corporation,STC,Active,Tradings,Equity,legalstcnepal@gmail.com,
311,Swabalamban Laghubitta Bittiya Sanstha Limited,SWBBL,Active,Microfinance,Equity,finance@swbbl.com.np,www.swbbl.com.np
312,Suryodaya Womi Laghubitta Bittiya Sanstha Limited,SWMF,Active,Microfinance,Equity,pramesh.swmfi@gmail.com,
313,Sanima Middle Tamor Hydropower Limited,TAMOR,Active,Hydro Power,Equity,middletamor@sanimahydro.com,https://middletamor.com/
314,Terhathum Power Company Limited,TPC,Active,Hydro Power,Equity,terathumpc@gmail.com,www.terhathumpc.com
315,Taragaon Regency Hotel Limited,TRH,Active,Hotels And Tourism,Equity,info@taragaon.com,
316,Three Star Hydropower Limited,TSHL,Active,Hydro Power,Equity,sapsu2016@gmail.com,threestarhydro.com
317,United Ajod Insurance Limited,UAIL,Active,Non Life Insurance,Equity,info@unitedinsurance.com.np,www.unitedinsurance.com.npwww.unitedinsurance.com.n
318,Upper Hewakhola Hydropower Company Limited,UHEWA,Active,Hydro Power,Equity,upperhewahpc@gmail.com,upperhewahpc.com.np
319,Upakar Laghubitta Bittiya Sanstha Limited,ULBSL,Active,Microfinance,Equity,upakar.banke1@gmail.com,www.ulbsl.com.np
320,United Modi Hydropower Ltd.,UMHL,Active,Hydro Power,Equity,unitedmodi@ntc.net.np,www.umh.com.np
321,United IDI Mardi RB Hydropower Limited.,UMRH,Active,Hydro Power,Equity,unitedidimardi7mw@gmail.com,www.idimardihydro.com.np
322,Union Hydropower Limited,UNHPL,Active,Hydro Power,Equity,unionhppl@gmail.com,www.unionhydropower.com.np
323,Unilever Nepal Limited,UNL,Active,Manufacturing And Processing,Equity,unl.shareholdersconnect@unilever.com,
324,Unique Nepal Laghubitta Bittiya Sanstha Limited,UNLB,Active,Microfinance,Equity,unique.mfp@gmail.com,https://uniquenepalmicrofinance.com.np
325,UNIVERSAL POWER COMPANY LTD,UPCL,Active,Hydro Power,Equity,upcl.share@tkkhp.com.np,www.universalpowercompany.com.np
326,Upper Tamakoshi Hydropower Ltd,UPPER,Active,Hydro Power,Equity,office@utkhpl.org.np,www.tamakhosihydro.org.np
327,Upper Solu Hydro Electric Company Limited,USHEC,Active,Hydro Power,Equity,ushec@info.com.np,www.ushec.com.np
328,Upper Syange Hydropower Limited,USHL,Active,Hydro Power,Equity,upper.syange@gmail.com,www.uppersyange.com
329,Unnati Sahakarya Laghubitta Bittiya Sanstha Limited,USLB,Active,Microfinance,Equity,prempathak021@gmail.com,http://www.unnatimfi.com.np
330,Vijaya laghubitta Bittiya Sanstha Ltd.,VLBS,Active,Microfinance,Equity,vlbs@vlbs.com.np,
331,Wean Nepal Laghubitta Bittiya Sanstha Limited,WNLB,Active,Microfinance,Equity,nepalseva@gmail.com,
1,Yak And Yeti Hotel Limited,YHL,Suspended,Hotels And Tourism,Equity,yhl@yhl.com,
2,Sunrise Bank Limited,SRBL,Suspended,Commercial Banks,Equity,info@sunrisebank.com.np,
3,Shree Ram Sugar Mills Limited,SRS,Suspended,Manufacturing And Processing,Equity,srs@srs.com,
4,Shree Bhrikuti Pulp And Paper Limited,SBPP,Suspended,Manufacturing And Processing,Equity,sbpp@sbpp.com,
5,Samjhana Finance Co. Ltd.,SFC,Suspended,Finance,Equity,sfc@sfc.com,
6,Raghupati Jute Mills Limited,RJM,Suspended,Manufacturing And Processing,Equity,account@srjml.com.np,
7,Prabhu Life Insurance Limited,PLI,Suspended,Life Insurance,Equity,kishor@prabhulife.com,www.prabhulife.com
8,Nepal Welfare Company Limited,NWC,Suspended,Tradings,Equity,nwc@nwc.com,
9,Nepal Vanaspati Ghee Udhyog Limited,NVG,Suspended,Manufacturing And Processing,Equity,nvg@nvg.com,
10,Nepal Tading Limited,NTL,Suspended,Tradings,Equity,ntl@ntl.com,
11,Nepal Share Markets Ltd.,NSM,Suspended,Finance,Equity,nsm@nsm.com,
12,Nepal Khadya Udhyog Limited,NKU,Suspended,Manufacturing And Processing,Equity,nku@nku.com,
13,Nepal Film Development Company Limited,NFD,Suspended,Others,Equity,nfd@nfd.com,
14,Nepal Bitumin And Barrel Udhyog Limited,NBBU,Suspended,Manufacturing And Processing,Equity,nbbu@nbbu.com,
15,Laxmi Bank Limited,LBL,Suspended,Commercial Banks,Equity,piyush.aryal@laxmibank.com,
16,Jyoti Sinning Mills Limited,JSM,Suspended,Manufacturing And Processing,Equity,jsm@jsm.com,
17,Himalayan Finance Limited (Bittiya Sanstha),HFL,Suspended,Finance,Equity,info@hfl.com.np,
18,Harisiddhi Brick And Tiles Limited,HBT,Suspended,Manufacturing And Processing,Equity,hbt@hbt.com,
19,Gorakhkali Rubber Udhyog Limited,GRU,Suspended,Manufacturing And Processing,Equity,gru@gru.com,
20,Fleur Himalayan Limited,FHL,Suspended,Manufacturing And Processing,Equity,fhl@fhl.com,
21,Crystal Finance Ltd.,CFL,Suspended,Finance,Equity,info@crystal.com.np,
22,Capital Merchant Bank & Finance Co. Ltd.,CMB,Suspended,Finance,Equity,avu@avu.com,
23,Butwal Spinning Mills Limited,BSM,Suspended,Manufacturing And Processing,Equity,bsm@bsm.com,
24,Birat Shoe Limited,BSL,Suspended,Manufacturing And Processing,Equity,bsl@bsl.com,
25,Arun Vanaspati Udhyog Limited,AVU,Suspended,Manufacturing And Processing,Equity,avu@avu.com,
1,Nepal Bangladesh Bank Limited,NBB,Delisted,Commercial Banks,Equity,bishwapoudel@nbbl.com.np,
2,Bank of Kathmandu Ltd.,BOKL,Delisted,Commercial Banks,Equity,deepak.gautam@bok.com.np,
3,Lumbini Bank Limited,LUBL,Delisted,Commercial Banks,Equity,info@lumbinibank.com.np,
4,Nepal Credit And Commercial Bank Limited,NCCB,Delisted,Commercial Banks,Equity,corporate@nccbank.com.np,http://www.nccbank.com.np
5,National Pro. And Eco. Dev. Centre,ESC,Delisted,Others,Equity,esc@esc.com,
6,Nepal Byapar Bikash Company(Koshi) Limited,NBCK,Delisted,Tradings,Equity,nbck@nbck.com,
7,NIDC Development Bank Ltd.,NIDC,Delisted,Development Banks,Equity,nidc@nidc.org.np,http://www.nidc.org.np
8,Nepal Development Bank Limited,NDB,Delisted,Development Banks,Equity,ndb@ndb.com,
9,Grand Bank Nepal Limited,GRAND,Delisted,Commercial Banks,Equity,dcbl@dcbl.com,
10,Paschimanchal Bikash Bank Limited,PDBL,Delisted,Development Banks,Equity,pbbl@pbbl.com,
11,Gandaki Bikas BankLimited,GDBL1,Delisted,Development Banks,Equity,hop@gandakibank.com,
12,Business Universal Development Bank Ltd.,BUDBL,Delisted,Development Banks,Equity,info@budbank.com.np,http://www.budbank.com.np
13,Siddhartha Development Bank Ltd.,SDBL,Delisted,Development Banks,Equity,info@sdbl.com.np,
14,Bhrikuti Vikash Bank Limited,BBBL,Delisted,Development Banks,Equity,vbb@vbb.com,
15,Bagheshwori Development Bank Limited,BBBLN,Delisted,Development Banks,Equity,bdb@bdb.com,
16,Sahayogi Bikas Bank Limited,SBBLJ,Delisted,Development Banks,Equity,sahayogibank@yahoo.com,http://www.sahayogibank.com.np
17,Gurkha Development Bank Limited,GDBNL,Delisted,Development Banks,Equity,info@gdbl.com.np,http://www.gdbl.com.np
18,Everest Insurance Co. Ltd.,EIC,Delisted,Non Life Insurance,Equity,pradip@eic.com.np,
19,Prudential Insurance Co. Ltd.,PICL,Delisted,Non Life Insurance,Equity,info@pil.com.np,http://www.pil.com
20,Lumbini General Insurance Co. Ltd.,LGIL,Delisted,Non Life Insurance,Equity,devendra@lgic.com.np,
21,Morang Sugar Mills Limited,MSM,Delisted,Manufacturing And Processing,Equity,msm@msm.com,
22,NIDC Capital Markets Ltd.,NCM,Delisted,Finance,Equity,info@ncml.com.np,http://www.ncml.com.np
23,Biratnagar Jute Mills Limited,BJM,Delisted,Manufacturing And Processing,Equity,bjm@bjm.com,
24,Narayani National Finance Limited,NNFC,Delisted,Finance,Equity,info@nnfl.com.np,http://www.nnfl.com.np
25,Kailash Bikas Bank Ltd.,KBBL,Delisted,Development Banks,Equity,subashghimire@kailashbank.com,http://www.kailashbank.com
26,Peoples Finance Ltd.,PFCL,Delisted,Finance,Equity,pfcl@pfcl.com,
27,Union Finance Co. Ltd.,UFCL,Delisted,Finance,Equity,ufl@union.com.np,
28,Nepal Aawas Finance Limited,NABB,Delisted,Finance,Equity,nabb@nabb.com,
29,Narayani Finance Ltd.,NFL,Delisted,Finance,Equity,nfl@nfl.com,
30,Ace Development Bank Ltd.,ACEDBL,Delisted,Development Banks,Equity,info@ace.com.np,
31,Yeti Finance Ltd.,YFL,Delisted,Finance,Equity,yfl@yfl.com,
32,Gorkha Finance Ltd.,GFLK,Delisted,Finance,Equity,gflk@gflk.com,
33,Universal Finance Ltd.,UFLK,Delisted,Finance,Equity,uflk@uflk.com,
34,Himgiri Textile Industries Limited,HTL,Delisted,Manufacturing And Processing,Equity,htu@htu.com,
35,Nepal Housing & Merchant Finance Ltd.,NHMF,Delisted,Finance,Equity,nhmf@nhmf.com,
36,Maha Laxmi Finance Ltd.,MFL,Delisted,Finance,Equity,info@mahalaxmi.com.np,
37,Lalitpur Finance Ltd.,LFC,Delisted,Finance,Equity,lfc@lfc.com,
38,Paschimanchal Finance Co. Ltd.,PFC,Delisted,Finance,Equity,paficol@gmail.com,
39,Lumbini Finance Ltd.,LFLC,Delisted,Finance,Equity,lufil@mos.com.np,http://www.lumbinifinance.com.np
40,Siddharth Finance Ltd.,SFL,Delisted,Finance,Equity,sfl.bhwa@gmail.com,
41,Alpic Everest Finance Co. Ltd.,AEFL,Delisted,Finance,Equity,abc@abc.com,
42,Nepal Bangladesh Finance & Leasing Co. Ltd.,NBFL,Delisted,Finance,Equity,abc@abc.com,
43,United Finance Ltd.,UFL,Delisted,Finance,Equity,shesh.dhungana@ufl.com.np,http://www.ufl.com.np
44,International Leasing & Finance Co. Ltd.,ILFC,Delisted,Finance,Equity,info@ilfco.com.np,http://www.ilfco.com.np
45,Nepal Shree Lanka Merchant Banking & Finance Ltd,NSLMB,Delisted,Finance,Equity,abc@abc.com,
46,Premier Finance Co. Ltd.,PFCLL,Delisted,Finance,Equity,abc@abc.com,
47,Nava Durga Finance Co. Ltd.,NDFL,Delisted,Finance,Equity,abc@abc.com,
48,Synergy Finance Ltd.,SYFL,Delisted,Finance,Equity,abc@abc.com,
49,Standard Finance Ltd.,STFL,Delisted,Finance,Equity,abc@abc.com,
50,Om Finance Ltd.,OFL,Delisted,Finance,Equity,info@omfinance.com,http://www.omfinance.com
51,CMB Finance Limited,CMBF,Delisted,Finance,Equity,cmbfl@wlink.com.np,
52,Fewa Finance Co. Ltd.,FFCL,Delisted,Finance,Equity,avu@avu.com,
53,Birgunj Finance Ltd.,BJFL,Delisted,Finance,Equity,avu@avu.com,
54,Everest Finance Ltd.,EFL,Delisted,Finance,Equity,efl@efl.com.np,
55,Prudential Finance Company Limited,PFIL,Delisted,Finance,Equity,info@pbsl.com.np,
56,Shrijana Finance (Bittaya Sanstha),SFFIL,Delisted,Finance,Equity,avu@avu.com,
57,Apex Development Bank Ltd.,APEX,Delisted,Development Banks,Equity,info@apexbanknepal.com,
58,IME Financial Institution,IMEFI,Delisted,Finance,Equity,avu@avu.com,
59,Bhajuratna Finance & Saving Co. Ltd.,BFIL,Delisted,Finance,Equity,avu@avu.com,
60,Patan Finance Limited,PFLBS,Delisted,Finance,Equity,pafl@pafl.com,
61,Supreme Development Bank Ltd.,SUPRME,Delisted,Development Banks,Equity,anna@anna.com,
62,Imperial Financial Inst. Ltd.,IFIL,Delisted,Finance,Equity,imperial@imperial.com,
63,Society Development Bank Ltd.,SODBL,Delisted,Development Banks,Equity,himchulibbs@wlink.com.np,
64,Civil Merchant Bittiya Santha Ltd.,CMBSL,Delisted,Finance,Equity,marketing@civilmbsl.com,
65,Mahalaxmi BikasBank Limited,MLBL1,Delisted,Development Banks,Equity,malika@nepse.com,
66,Nepal Express Finance Ltd.,NEFL,Delisted,Finance,Equity,nepalxfinance@wlink.com.np,http://www.nepalexfinance.com
67,Biratlaxmi Bikas Bank Limited,BLDBL,Delisted,Development Banks,Equity,info@biratlaxmibank.com.np,
68,Siddhartha Insurance Ltd.,SIL,Delisted,Non Life Insurance,Equity,info@siddharthainsurance.com,
69,Infrastructure Development Bank Ltd.,IDBL,Delisted,Development Banks,Equity,info@idbank.com.np,
70,City Express Finance Co. Limited,CEFL,Delisted,Finance,Equity,legal@cityexpress.com.np,
71,Prabhu Bikas Bank Limited,PRBBL,Delisted,Development Banks,Equity,info@prabhufin.com.np,
72,Deva Bikas Bank Limited,DBBL,Delisted,Development Banks,Equity,info@devabank.com.np,
73,Lord Buddha Finance Limited,LBFIL,Delisted,Finance,Equity,info@loardbuddhafinance.com.np,
74,Sagarmatha Finance Limited,SAFL,Delisted,Finance,Equity,info@sagarmatha.com.np,
75,Subhechha Bikas Bank Limited,SUBBL,Delisted,Development Banks,Equity,info@subbl.com.np,
76,Kaski Finance Limited,KAFIL,Delisted,Finance,Equity,kafil@wlink.com.np,http://www.kaskifinance.com.np
77,Clean Energy Development Bank Limited,CEDBL,Delisted,Development Banks,Equity,info@cedbl.com,http://www.cedbl.com
78,Triveni Bikas Bank Limited,TBBL,Delisted,Development Banks,Equity,triveni@trivenibank.com.np,http://www.trivenibank.com.np
79,Purwanchal Grameen Bikash Bank Limited,PGBL,Delisted,Development Banks,Equity,gbbn@wlink.com.np,http://www.grameenbirat.com.np
80,Reliable Development Bank Limited,REDBL,Delisted,Development Banks,Equity,info@reliablebank.com.np,http://www.reliablebank.com.np
81,Axis Development Bank Limited,AXIS,Delisted,Development Banks,Equity,pbank@wlink.com.np,http://www.pashupatibank.com.np
82,Shikhar Finance Limited,SBSL,Delisted,Finance,Equity,sbsl@mail.com.np,http://www.shikharfinance.com.np
83,Bank of Asia Nepal Limited,BOAN,Delisted,Commercial Banks,Equity,info@boa.com.np,
84,Api Finance Limited,AFL,Delisted,Finance,Equity,api@fewanet.com.np,
85,Madhyamanchal Gramin Development Bank Ltd.,MGBL,Delisted,Development Banks,Equity,info@mgbl.com.np,
86,Public Development Bank Limited,PDB,Delisted,Development Banks,Equity,info@pdb.com.np,
87,Mahakali Bikas Bank Limited,MBBL,Delisted,Development Banks,Equity,info@mahakali.com.np,
88,Pathibhara Bikas Bank Limited,PBSL,Delisted,Development Banks,Equity,pathibharabank@nns.com.np,
89,Resunga Bikas Bank Limited,RBSL,Delisted,Development Banks,Equity,resungabank@ntc.net.np,
90,Kasthamandap Development Bank Limited,KDBL,Delisted,Development Banks,Equity,kdbl@kdbl.com.np,http://www.kdbl.com.np
91,Sewa Bikas Bank Limited,SEWA,Delisted,Development Banks,Equity,info@sewabank.com.np,
92,Nilgiri Bikas Bank Limited,NGBL,Delisted,Development Banks,Equity,info@mgbl.com.np,
93,Om Development Bank Ltd.,ODBL,Delisted,Development Banks,Equity,info@ombank.com.np,http://www.ombank.com.np
94,Udhyam Bikas Bank Limited,UBBL,Delisted,Development Banks,Equity,edbl@wlink.com.np,
95,Alpine Development Bank Limited,ALDBL,Delisted,Development Banks,Equity,info@alpinedevbank.com.np,http://www.alpinedevbank.com.np
96,Suryadarshan Finance Company Limited,SDFL,Delisted,Finance,Equity,sdfcl@wlink.com.np,http://www.sdfinance.com.np
97,Zenith Finance Limited,ZFL,Delisted,Finance,Equity,info@zenith.com.np,
98,Swastik Merchant Finance Co. Ltd.,SMF,Delisted,Finance,Equity,info@smfcl.com.np,http://www.smfcl.com.np
99,Subha Laxmi Finance Co. Ltd.,SLFL,Delisted,Finance,Equity,subhalaxmi@wsn.com.np,http://www.shubhalaxmifinance.com.np
100,Gaurishankar Development Bank Ltd.,GSDBL,Delisted,Development Banks,Equity,info@gsdbl.com.np,
101,Unique Finance Ltd.,UFIL,Delisted,Finance,Equity,unique@uniquefinance.com.np,
102,Professional Diyalo Bikas Bank Ltd.,PRDBL,Delisted,Development Banks,Equity,diyalobank@gmail.com,http://www.diyalobank.com.np
103,Seti Finance Limited,SETI,Delisted,Finance,Equity,info@seti.com.np,
104,Kankai Bikas Bank Ltd.,KNBL,Delisted,Development Banks,Equity,kbbl@kankaibank.com.np,
105,Gandaki Bikas Bank Limited,GDBL,Delisted,Development Banks,Equity,chhabindra@gandakibank.com.np,
106,Hathway Finance Company Limited,HATH,Delisted,Finance,Equity,bikram.malla@hathwayfinance.com,
107,Kabeli Bikas Bank Limited,KEBL,Delisted,Development Banks,Equity,kumar.khadka@kabelibank.com,
108,Tinau Development Bank Limited,TNBL,Delisted,Development Banks,Equity,reporting@tinaubank.com,
109,Araniko Development Bank Limited,ARDBL,Delisted,Development Banks,Equity,nabin@aranikobank.com,
110,Valley Finance Limited,VFL,Delisted,Finance,Equity,info@valley.com.np,
111,Western Development Bank Limited,WDBL,Delisted,Development Banks,Equity,wdbldang@yahoo.com,http://www.wdbldang.com.np
112,Professional Bikas Bank Ltd.,PRBL,Delisted,Development Banks,Equity,info@prbl.com.np,
113,Gurans Life Insurance Company Ltd.,GLICL,Delisted,Life Insurance,Equity,admin@guranslife.com,
114,Country Development Bank Ltd.,CNDBL,Delisted,Development Banks,Equity,info@cdbank.com.np,http://www.cdbank.com.np
115,Purnima Bikas Bank Ltd.,PURBL,Delisted,Development Banks,Equity,shailesh@purnimabank.com,
116,Rara Bikas Bank Limited,RARA,Delisted,Development Banks,Equity,rdbl@ntc.net.np,
117,Hama Merchant & Finance Ltd.,HAMA,Delisted,Finance,Equity,info@hamafinance.com.np,
118,Bhargav Bikash Bank Ltd.,BHBL,Delisted,Development Banks,Equity,prjoshi@bhargavbank.com.np,
119,Bagmati Development Bank Ltd.,BGDBL,Delisted,Development Banks,Equity,bagmatibank@info.com,
120,Janata Bank Nepal Ltd.,JBNL,Delisted,Commercial Banks,Equity,bishwa.subedi@janatabank.com.np,http://www.janatabank.com.np
121,Summit Laghubitta Bittiya Sanstha Limited,SMFDB,Delisted,Microfinance,Equity,slbsl2065@gmail.com,
122,Tourism Development Bank Limited,TDBL,Delisted,Development Banks,Equity,info@tdbl.com.np,http://www.tdbl.com.np
123,Gulmi Bikas Bank Ltd.,GULMI,Delisted,Development Banks,Equity,info@gulmi.com.np,
124,Kanchan Development Bank Limited,KADBL,Delisted,Development Banks,Equity,biruram@kanchanbank.com.np,
125,Nepal Consumer Development Bank Ltd.,NCDBL,Delisted,Development Banks,Equity,info@cndbl.com.np,
126,Pacific Development Bank Limited,PADBL,Delisted,Development Banks,Equity,info@pcific.com.np,
127,Metro Development Bank Limited,METRO,Delisted,Development Banks,Equity,info@metrodevbank.com.np,
128,Rising Development Bank Ltd.,RDBL,Delisted,Development Banks,Equity,info@risingbank.com,
129,Innovative Development Bank Ltd.,INDB,Delisted,Development Banks,Equity,info@indb.com,
130,Kakre Bihar Bikash Bank Ltd,KKBL,Delisted,Development Banks,Equity,info@kbbl.com,
131,Civil Bank Ltd,CBL,Delisted,Commercial Banks,Equity,hirakaji.basnet@civilbank.com.np,
132,Civic Development Bank Ltd,CIVIC,Delisted,Development Banks,Equity,civic@gmail.com,
133,Bright Development Bank Ltd,BRTBL,Delisted,Development Banks,Equity,bright@gmail.com,
134,International Development Bank Ltd,INDBL,Delisted,Development Banks,Equity,info@internationalbank.com.np,
135,Khandbari Development Bank Ltd,KHDBL,Delisted,Development Banks,Equity,info@khdbl.com,
136,Commerz and Trust Bank Nepal Ltd.,CTBNL,Delisted,Commercial Banks,Equity,info@ctbnl.com,http://www.ctbanknepal.com
137,Mega Bank Nepal Ltd.,MEGA,Delisted,Commercial Banks,Equity,nepse@megabank.com.np,
138,Jhimruk Bikas Bank Ltd.,JHBL,Delisted,Development Banks,Equity,info@jhimruk.com,
139,Mission Development Bank Ltd.,MIDBL,Delisted,Development Banks,Equity,bishnuzi@missionbanknepal.com.np,
140,Namaste Bittiya Sanstha Ltd.,NBSL,Delisted,Finance,Equity,info@nbsl.com.np,
141,Gaumukhee Bikas Bank Ltd.,GABL,Delisted,Development Banks,Equity,gaumukhi.bijuwar@gmail.com,
142,RMDC Laghubitta Bittiya Sanstha Ltd.,RMDC,Delisted,Microfinance,Equity,rmdc@rmdcnepal.com,http://www.rmdcnepalc.com
143,Hamro Bikas Bank Ltd.,HAMRO,Delisted,Development Banks,Equity,paras.kandel@hamrobank.com,http://www.hamrobank.com
144,Jebils Finance Ltd.,JEFL,Delisted,Finance,Equity,jln@jebils.com,http://www.jebil.com
145,Manaslu Bikas Bank Ltd.,MSBBL,Delisted,Development Banks,Equity,info@manaslu.com,
146,Naya Sarathi Laghubitta Bittiya Sanstha Limited,NSLB,Delisted,Microfinance,Equity,nimdilen@gmail.com,
147,Matribhumi Development Bank Ltd.,MTBL,Delisted,Development Banks,Equity,binodrajthapa@yahoo.com,
148,Nepal Community Development Bank Ltd.,NCDB,Delisted,Development Banks,Equity,bhakta.khadka@ncdbank.com,http://www.ncdbank.com
149,Cosmos Development Bank Ltd.,CSDBL,Delisted,Development Banks,Equity,info@cosmosbank.com.np,
150,NagBeli LaghuBitta Bikas Bank Ltd.,NBBL,Delisted,Microfinance,Equity,nagbeli.nagbeli@gmail.com,
151,Century Commercial Bank Ltd.,CCBL,Delisted,Commercial Banks,Equity,welcome@centurybank.com.np,
152,Mount Makalu Development Bank Ltd.,MMDBL,Delisted,Development Banks,Equity,info@mmdbank.com,
153,Ekata Bikas Bank Ltd.,EKBL,Delisted,Development Banks,Equity,info@ekatabank.com.np,http://www.ekatabank.com.np
154,Sahara Bikas Bank Ltd.,SHBL,Delisted,Development Banks,Equity,info@sahara.com,
155,Kalinchowk Development Bank Ltd.,KCDBL,Delisted,Development Banks,Equity,info@kdevbank.com,
156,Raptibheri Bikas Bank Ltd.,RBBBL,Delisted,Development Banks,Equity,raptibherimis@yahoo.com,
157,Bhaktapur Finance Co. Ltd.,BFCL,Delisted,Finance,Equity,info@bktfinance.com,
158,Mahila Sahayatra Microfinance Bittiya Sanstha Ltd.,MSMBS,Delisted,Microfinance,Equity,mahilasahayatra@gmail.com,
159,Saptakoshi Development Bank Ltd.,SKDBL,Delisted,Development Banks,Equity,devi@skdbl.com.np,http://www.skdbl.com.np
160,Sajha Bikas Bank Ltd.,SAJHA,Delisted,Development Banks,Equity,info@sajhabank.com.np,http://www.sajhabank.com.np
161,Suryodaya Laghubitta Bittiya Sanstha Ltd.,SLBS,Delisted,Microfinance,Equity,suryodayalaghubitta@gmail.com,
162,Swadeshi Laghubitta Bittiya Sanstha Ltd.,SDESI,Delisted,Microfinance,Equity,audit@swadeshibank.com,
163,Arambha Microfinance Bittiya Sanstha Ltd.,AMFI,Delisted,Microfinance,Equity,aarambhamicrofinance@gmail.com,http://www.aarambhamf.com.np
164,Rairang Hydropower Development Company Ltd.,RRHP,Delisted,Hydro Power,Equity,sayikanepal@gmail.com,http://www.ridihydro.com.np
165,Sparsha Laghubitta Bittiya Sanstha Limited,SPARS,Delisted,Microfinance,Equity,info@sparshamicrofinance.com,www.sparshamicrofinance.com
166,Nepal Agro Laghubitta Bittiya Sanstha Limited,NAGRO,Delisted,Microfinance,Equity,operation@nepalagro.com.np,www.nepalagro.com.np
167,Adhikhola Laghubitta Bittiya Sanstha Limited,AKBSL,Delisted,Microfinance,Equity,adhikholalaghubitta@gmail.com,www.albs.com.np
168,Ghodighoda Laghubitta Bittiya Sanstha Ltd.,GGBSL,Delisted,Microfinance,Equity,ghodighoda.mfi@gmail.com,www.ghodighoda.com.np
169,Tinau Mission Development Bank Limited,TMDBL,Delisted,Development Banks,Equity,reporting@tinaumissionbank.com,www.tinaumissionbank.com
170,Ajod Insurance Limited,AIL,Delisted,Non Life Insurance,Equity,info@ajodinsurance.com,www.ajodinsurance.com
171,Reliance Life Insurance Limited,RLI,Delisted,Life Insurance,Equity,info@relifeinsurance.com,www.relifeinsurance.com
172,General Insurance Company Nepal Ltd,GIC,Delisted,Non Life Insurance,Equity,ram@generalinsurance.com.np,www.gicnepal.com
173,Jyoti Life Insurance Company Limited,JLI,Delisted,Life Insurance,Equity,info@jyotilife.com,www.jyotilife.com
174,Union Life Insurance Company Limited,ULI,Delisted,Life Insurance,Equity,kapil@unionlife.com.np,www.unionlife.com.np
175,Rastra Utthan Laghubitta Sanstha Limited,RULB,Delisted,Microfinance,Equity,info@rulbsl.com.np,www.rulbsl.com.np
176,Adarsha Laghubitta Bittiya Sanstha Limited,ADLB,Delisted,Microfinance,Equity,adarshalbbs@gmail.com,www.adarshamicrofinance.com
177,Khaptad Laghubitta Bittiya Sanstha Limited,KLBS,Delisted,Microfinance,Equity,info@khaptadmfi.com.np,www.khaptadmfi.com.np
